<?xml version="1.0" encoding="UTF-8"?>
<project-private xmlns="http://www.netbeans.org/ns/project-private/1">
    <editor-bookmarks xmlns="http://www.netbeans.org/ns/editor-bookmarks/2" lastBookmarkId="0"/>
    <open-files xmlns="http://www.netbeans.org/ns/projectui-open-files/2">
        <group name="1o etos"/>
        <group>
            <file>file:/C:/Users/User/Desktop/Paradotea%20AAM/mp3Project/src/mp3Project/PlayerFrame.java</file>
            <file>file:/C:/Users/User/Desktop/Paradotea%20AAM/mp3Project/src/mp3Project/FileTypeFilter.java</file>
        </group>
    </open-files>
</project-private>
